{
    "Ziwa": 279965.0,
    "Tiqutot": 12678.8830575016,
    "Yjiwy": 184320.0,
    "Ipaka": 332274.0,
    "Wasol": 633985.6225024272,
    "Dyfac": 400217.01085845113,
    "Zevyfow": 129526.49352730274,
    "Sehoxic": 522541.1569797835,
    "Edoheso": 381712.0,
    "Jirukaw": 207645.0
}